Statement,Header,Feldname,Feldwert
Statement,Data,Title,Umsatzübersicht
Statement,Data,Period,"Januar 1, 2026 - Februar 6, 2026"
Statement,Data,WhenGenerated,"2026-02-07, 16:13:32 EST"
Kontoinformation,Header,Feldname,Feldwert
Kontoinformation,Data,Name,daniel meier
Kontoinformation,Data,Account,U16537315
Kontoinformation,Data,Master-Name,CapTrader GmbH
Kontoinformation,Data,Kontotyp,Brokerkunde
Kontoinformation,Data,Kundentyp,Einzelkonto
Kontoinformation,Data,Kontoberechtigungen,Margin
Kontoinformation,Data,Basiswährung,EUR
Nettovermögenswert,Header,Assetklasse,Vorheriger Gesamtwert,Aktuell Long,Aktuell Short,Aktueller Gesamtwert,Veränderung
Nettovermögenswert,Data,Barmittel,5611.841883831,6932.107463667,0,6932.107463667,1320.265579837
Nettovermögenswert,Data,Aktien,6772.3718365,6080.72044,-350.66528,5730.05516,-1042.3166765
Nettovermögenswert,Data,Aufgelaufene Dividenden,6.317017,1.252376,0,1.252376,-5.064641
Nettovermögenswert,Data,Gesamt,12390.530737331,13014.080279667,-350.66528,12663.414999667,272.884262337
Nettovermögenswert,Header,Zeitgewichtete Rendite
Nettovermögenswert,Data,2.202361369%
Veränderung des NAV,Header,Feldname,Feldwert
Veränderung des NAV,Data,Anfangswert,12390.530737331
Veränderung des NAV,Data,Mark-to-Market,342.504832242
Veränderung des NAV,Data,Dividenden,7.4877902
Veränderung des NAV,Data,Quellensteuer,-1.1235926
Veränderung des NAV,Data,Veränderung im Dividendenanfall,-5.0920784
Veränderung des NAV,Data,Zinsen,-0.0256665
Veränderung des NAV,Data,Veränderung der auflaufenden Zinsen,0.0000687
Veränderung des NAV,Data,Provisionen,-70.89446
Veränderung des NAV,Data,Andere FX-Umrechnungen,0.0273687
Veränderung des NAV,Data,Endwert,12663.414999667
Mark-to-Market-Performance-Überblick,Header,Vermögenswertkategorie,Symbol,Vorher Menge,Aktuell Menge,Vorher Kurs,Aktuell Kurs,Mark-to-Market P/L Position,Mark-to-Market P/L Transaktion,Mark-to-Market P/L Provisionen,Mark-to-Market P/L Sonstige,Mark-to-Market P/L Gesamt,Code
Mark-to-Market-Performance-Überblick,Data,Aktien,4GLD,10,0,120.3700,--,30.7,-9.399,-2,0,19.301,
Mark-to-Market-Performance-Überblick,Data,Aktien,ASTS,5,0,72.6300,--,110.1240485,-15.9862205,-1.71434,0,92.423488,
Mark-to-Market-Performance-Überblick,Data,Aktien,AVAV,0,1,--,257.2000,-62.4695247,-0.4519893,-1.70562,0,-64.627134,
Mark-to-Market-Performance-Überblick,Data,Aktien,BA,0,1,--,243.0300,-4.8436729,0.2046744,-1.70562,0,-6.3446185,
Mark-to-Market-Performance-Überblick,Data,Aktien,BEPC,10,0,38.3400,--,3.380016,-0.942887,-1.71434,0,0.722789,
Mark-to-Market-Performance-Überblick,Data,Aktien,BMNR,10,0,27.1500,--,33.87562,-2.485793,-1.71434,0,29.675487,
Mark-to-Market-Performance-Überblick,Data,Aktien,BMY,0,10,--,61.9900,51.421805,0.343072,-1.71536,0,50.049517,
Mark-to-Market-Performance-Überblick,Data,Aktien,CTKB,50,50,5.0500,4.4700,-24.302265,0,0,0,-24.302265,
Mark-to-Market-Performance-Überblick,Data,Aktien,FCX,0,10,--,60.6700,4.522588,1.8335415,-1.70562,0,4.6505095,
Mark-to-Market-Performance-Überblick,Data,Aktien,FLNC,12,0,19.7800,--,20.9799312,-0.307998,-1.7111,0,18.9608332,
Mark-to-Market-Performance-Überblick,Data,Aktien,FLS,0,0,--,--,1.0648376,-5.7364372,-3.43526,0,-8.1068596,
Mark-to-Market-Performance-Überblick,Data,Aktien,INTC,0,10,--,50.5900,48.1044836,-0.1039068,-5.12558,0,42.8749968,
Mark-to-Market-Performance-Überblick,Data,Aktien,IREN,0,5,--,41.8300,-13.2307675,-1.651728,-1.69408,0,-16.5765755,
Mark-to-Market-Performance-Überblick,Data,Aktien,JAZZ,1,0,170.0000,--,-5.7744185,-0.4329951,-1.69802,0,-7.9054336,
Mark-to-Market-Performance-Überblick,Data,Aktien,LMND,3,3,71.1800,74.2600,16.6772772,-7.07575935,-5.0937,0,4.50781785,
Mark-to-Market-Performance-Überblick,Data,Aktien,MA,2,0,570.8800,--,-44.499842,17.4870004,-1.71778,0,-28.7306216,
Mark-to-Market-Performance-Überblick,Data,Aktien,MRK,10,10,105.2600,121.9300,141.35467,0,0,6.1924496,147.5471196,
Mark-to-Market-Performance-Überblick,Data,Aktien,MU,2,2,285.4100,394.6900,97.6001716,12.41981905,-5.11718,0.171748,105.07455865,
Mark-to-Market-Performance-Überblick,Data,Aktien,NFLX,6,0,93.7600,--,-22.3268544,1.70079671,-1.71434,0,-22.34039769,
Mark-to-Market-Performance-Überblick,Data,Aktien,NVDA,0,2,--,185.4100,0.78953,-1.2080082,-1.70142,0,-2.1198982,
Mark-to-Market-Performance-Überblick,Data,Aktien,ONDS,30,0,9.7600,--,87.875175,0,-1.71434,0,86.160835,
Mark-to-Market-Performance-Überblick,Data,Aktien,QBTS,-10,-20,26.1500,20.7200,40.911423,0,-1.69408,0,39.217343,
Mark-to-Market-Performance-Überblick,Data,Aktien,RKLB,0,7,--,72.3200,-95.0941714,-7.43144168,-3.4052,0,-105.93081308,
Mark-to-Market-Performance-Überblick,Data,Aktien,SGML,0,0,--,--,-50.63746,17.48896,-3.43058,0,-36.57908,
Mark-to-Market-Performance-Überblick,Data,Aktien,SSRM,0,0,--,--,-8.362743,-3.49883719,-3.44212,0,-15.30370019,
Mark-to-Market-Performance-Überblick,Data,Aktien,TDW,5,5,50.5100,66.3500,67.2903425,0,0,0,67.2903425,
Mark-to-Market-Performance-Überblick,Data,Aktien,TE,0,25,--,8.2700,-5.1478625,-15.11206125,-1.69086,0,-21.95078375,
Mark-to-Market-Performance-Überblick,Data,Aktien,TMDX,2,2,121.6500,135.0600,23.0072516,0,0,0,23.0072516,
Mark-to-Market-Performance-Überblick,Data,Aktien,USAR,0,2,--,21.8400,-7.566641,-0.4484646,-1.66098,0,-9.6760856,
Mark-to-Market-Performance-Überblick,Data,Aktien,WRAP,0,0,--,--,-26.72727,4.923109,-3.44716,0,-25.251321,
Mark-to-Market-Performance-Überblick,Data,Aktien,WULF,35,0,11.4900,--,69.375586,-8.02859709,-1.71434,0,59.63264891,
Mark-to-Market-Performance-Überblick,Data,Aktien,XDEF,0,15,--,31.5750,-16.495,-3.755,-4,0,-24.25,
Mark-to-Market-Performance-Überblick,Data,Aktien,XERS,50,0,7.8500,--,-37.983135,-0.51333,-1.7111,0,-40.207565,
Mark-to-Market-Performance-Überblick,Data,Gesamt,,,,,,423.5931289,-28.1694812,-70.89446,6.3641976,330.8933853,
Mark-to-Market-Performance-Überblick,Data,Devisen,EUR,2531.2358625,3256.3568625,1.0000,1.0000,0,0,0,0,0,
Mark-to-Market-Performance-Überblick,Data,Devisen,USD,3618.495356,4343.831956,0.85135,0.8462,-52.91881546,0,0,0,-52.91881546,
Mark-to-Market-Performance-Überblick,Data,Gesamt,,,,,,-52.91881546,0,0,0,-52.91881546,
Mark-to-Market-Performance-Überblick,Data,Gesamt (Alle Vermögenswerte),,,,,,370.67431344,-28.1694812,-70.89446,6.3641976,277.97456984,
Mark-to-Market-Performance-Überblick,Data,Brokers Zinsaufwand und Ertrag,,,,,,,,,,-0.0256665,
Gesamt-G&V des Kontoauszugszeitraums,,,,,,,,,,,,277.94890334,
Übersicht  zur realisierten und unrealisierten Performance,Header,Vermögenswertkategorie,Symbol,Kostenanp.,Realisiert S/T-Gewinn,Realisiert S/T-Verlust,Realisiert L/T-Gewinn,Realisiert L/T-Verlust,Realisiert Gesamt,Unrealisiert S/T-Gewinn,Unrealisiert S/T-Verlust,Unrealisiert L/T-Gewinn,Unrealisiert L/T-Verlust,Unrealisiert Gesamt,Gesamt,Code
Übersicht  zur realisierten und unrealisierten Performance,Data,Aktien,4GLD,0,79.552,0,0,0,79.552,0,0,0,0,0,79.552,
Übersicht  zur realisierten und unrealisierten Performance,Data,Aktien,ASTS,0,152.061958,0,0,0,152.061958,0,0,0,0,0,152.061958,
Übersicht  zur realisierten und unrealisierten Performance,Data,Aktien,AVAV,0,0,0,0,0,0,0,-64.497364,0,0,-64.497364,-64.497364,
Übersicht  zur realisierten und unrealisierten Performance,Data,Aktien,BA,0,0,0,0,0,0,0,-6.541126,0,0,-6.541126,-6.541126,
Übersicht  zur realisierten und unrealisierten Performance,Data,Aktien,BEPC,0,0,-57.773258,0,0,-57.773258,0,0,0,0,0,-57.773258,
Übersicht  zur realisierten und unrealisierten Performance,Data,Aktien,BMNR,0,0,-35.30940381,0,0,-35.30940381,0,0,0,0,0,-35.30940381,
Übersicht  zur realisierten und unrealisierten Performance,Data,Aktien,BMY,0,0,0,0,0,0,50.17966,0,0,0,50.17966,50.17966,
Übersicht  zur realisierten und unrealisierten Performance,Data,Aktien,CTKB,0,0,0,0,0,0,0,-51.53358,0,0,-51.53358,-51.53358,
Übersicht  zur realisierten und unrealisierten Performance,Data,Aktien,FCX,0,0,0,0,0,0,5.20413,0,0,0,5.20413,5.20413,
Übersicht  zur realisierten und unrealisierten Performance,Data,Aktien,FLNC,0,19.574984,0,0,0,19.574984,0,0,0,0,0,19.574984,
Übersicht  zur realisierten und unrealisierten Performance,Data,Aktien,FLS,0,0,-8.1065056,0,0,-8.1065056,0,0,0,0,0,-8.1065056,
Übersicht  zur realisierten und unrealisierten Performance,Data,Aktien,INTC,0,27.5287068,0,0,0,27.5287068,15.14698,0,0,0,15.14698,42.6756868,
Übersicht  zur realisierten und unrealisierten Performance,Data,Aktien,IREN,0,0,0,0,0,0,0,-16.5009,0,0,-16.5009,-16.5009,
Übersicht  zur realisierten und unrealisierten Performance,Data,Aktien,JAZZ,0,0,-10.2900012,0,0,-10.2900012,0,0,0,0,0,-10.2900012,
Übersicht  zur realisierten und unrealisierten Performance,Data,Aktien,LMND,0,104.80874807,-17.75134021,0,0,87.05740786,0,-48.199552,0,0,-48.199552,38.85785586,
Übersicht  zur realisierten und unrealisierten Performance,Data,Aktien,MA,0,10.3753912,0,0,0,10.3753912,0,0,0,0,0,10.3753912,
Übersicht  zur realisierten und unrealisierten Performance,Data,Aktien,MRK,0,0,0,0,0,0,176.568092,0,0,0,176.568092,176.568092,
Übersicht  zur realisierten und unrealisierten Performance,Data,Aktien,MU,0,192.5032386,0,0,0,192.5032386,5.834549,0,0,0,5.834549,198.3377876,
Übersicht  zur realisierten und unrealisierten Performance,Data,Aktien,NFLX,0,0,-33.73341105,0,0,-33.73341105,0,0,0,0,0,-33.73341105,
Übersicht  zur realisierten und unrealisierten Performance,Data,Aktien,NVDA,0,0,0,0,0,0,0,-1.929336,0,0,-1.929336,-1.929336,
Übersicht  zur realisierten und unrealisierten Performance,Data,Aktien,ONDS,0,147.3903815,0,0,0,147.3903815,0,0,0,0,0,147.3903815,
Übersicht  zur realisierten und unrealisierten Performance,Data,Aktien,QBTS,0,0,0,0,0,0,33.08642,-6.85422,0,0,26.2322,26.2322,
Übersicht  zur realisierten und unrealisierten Performance,Data,Aktien,RKLB,0,0,0,0,0,0,0,-105.64400824,0,0,-105.64400824,-105.64400824,
Übersicht  zur realisierten und unrealisierten Performance,Data,Aktien,SGML,0,0,-36.297357,0,0,-36.297357,0,0,0,0,0,-36.297357,
Übersicht  zur realisierten und unrealisierten Performance,Data,Aktien,SSRM,0,0,-15.32162307,0,0,-15.32162307,0,0,0,0,0,-15.32162307,
Übersicht  zur realisierten und unrealisierten Performance,Data,Aktien,TDW,0,0,0,0,0,0,61.1036789,0,0,0,61.1036789,61.1036789,
Übersicht  zur realisierten und unrealisierten Performance,Data,Aktien,TE,0,0,0,0,0,0,0,-21.683875,0,0,-21.683875,-21.683875,
Übersicht  zur realisierten und unrealisierten Performance,Data,Aktien,TMDX,0,0,0,0,0,0,9.172808,0,0,0,9.172808,9.172808,
Übersicht  zur realisierten und unrealisierten Performance,Data,Aktien,USAR,0,0,0,0,0,0,0,-9.782072,0,0,-9.782072,-9.782072,
Übersicht  zur realisierten und unrealisierten Performance,Data,Aktien,WRAP,0,0,-25.261581,0,0,-25.261581,0,0,0,0,0,-25.261581,
Übersicht  zur realisierten und unrealisierten Performance,Data,Aktien,WULF,0,17.76741976,-75.7047401,0,0,-57.93732034,0,0,0,0,0,-57.93732034,
Übersicht  zur realisierten und unrealisierten Performance,Data,Aktien,XDEF,0,0,0,0,0,0,0,-24.25,0,0,-24.25,-24.25,
Übersicht  zur realisierten und unrealisierten Performance,Data,Aktien,XERS,0,1.334658,-1.334658,0,0,0,0,0,0,0,0,0,
Übersicht  zur realisierten und unrealisierten Performance,Data,Gesamt,,0,752.89748593,-316.88387904,0,0,436.01360689,356.2963179,-357.41603324,0,0,-1.11971534,434.89389155,
Übersicht  zur realisierten und unrealisierten Performance,Data,Devisen,USD,0,0.005785,-80.918486,0,0,-80.912701,0,-18.586896833,0,0,-18.586896833,-99.499597833,
Übersicht  zur realisierten und unrealisierten Performance,Data,Gesamt,,0,0.005785,-80.918486,0,0,-80.912701,0,-18.586896833,0,0,-18.586896833,-99.499597833,
Übersicht  zur realisierten und unrealisierten Performance,Data,Gesamt (Alle Vermögenswerte),,0,752.90327093,-397.80236504,0,0,355.10090589,356.2963179,-376.002930073,0,0,-19.706612173,335.394293717,
Cash-Bericht,Header,Währungsübersicht,Währung,Gesamt,Wertpapiere,Futures,
Cash-Bericht,Data,Anfangsbarsaldo,Basiswährungsübersicht,5611.841883831,5611.841883831,0,
Cash-Bericht,Data,Provisionen,Basiswährungsübersicht,-70.89446,-70.89446,0,
Cash-Bericht,Data,Dividenden,Basiswährungsübersicht,7.4877902,7.4877902,0,
Cash-Bericht,Data,Broker-Haben- und Sollzinsen,Basiswährungsübersicht,-0.0256665,-0.0256665,0,
Cash-Bericht,Data,Handelsgeschäfte (Verkäufe),Basiswährungsübersicht,15512.52370812,15512.52370812,0,
Cash-Bericht,Data,Handelsgeschäfte (Käufe),Basiswährungsübersicht,-14076.32300652,-14076.32300652,0,
Cash-Bericht,Data,Quellensteuer,Basiswährungsübersicht,-1.1235926,-1.1235926,0,
Cash-Bericht,Data,Gewinn/Verlust aus der Bardevisenumwandlung,Basiswährungsübersicht,-51.37919286,-51.37919286,0,
Cash-Bericht,Data,Endbarsaldo,Basiswährungsübersicht,6932.107463667,6932.107463667,0,
Cash-Bericht,Data,Abgewickelter Endbarsaldo,Basiswährungsübersicht,6932.107463667,6932.107463667,0,
Cash-Bericht,Data,Anfangsbarsaldo,EUR,2531.2358625,2531.2358625,0,
Cash-Bericht,Data,Provisionen,EUR,-6,-6,0,
Cash-Bericht,Data,Handelsgeschäfte (Verkäufe),EUR,1225.001,1225.001,0,
Cash-Bericht,Data,Handelsgeschäfte (Käufe),EUR,-493.88,-493.88,0,
Cash-Bericht,Data,Endbarsaldo,EUR,3256.3568625,3256.3568625,0,
Cash-Bericht,Data,Abgewickelter Endbarsaldo,EUR,3256.3568625,3256.3568625,0,
Cash-Bericht,Data,Anfangsbarsaldo,USD,3618.495356,3618.495356,0,
Cash-Bericht,Data,Provisionen,USD,-76,-76,0,
Cash-Bericht,Data,Dividenden,USD,8.73,8.73,0,
Cash-Bericht,Data,Broker-Haben- und Sollzinsen,USD,-0.03,-0.03,0,
Cash-Bericht,Data,Handelsgeschäfte (Verkäufe),USD,16742.9678,16742.9678,0,
Cash-Bericht,Data,Handelsgeschäfte (Käufe),USD,-15949.0212,-15949.0212,0,
Cash-Bericht,Data,Quellensteuer,USD,-1.31,-1.31,0,
Cash-Bericht,Data,Endbarsaldo,USD,4343.831956,4343.831956,0,
Cash-Bericht,Data,Abgewickelter Endbarsaldo,USD,4343.831956,4343.831956,0,
Offene Positionen,Header,DataDiscriminator,Vermögenswertkategorie,Währung,Symbol,Menge,Multipl.,Einstands Kurs,Kostenbasis,Schlusskurs,Wert,Unrealisierter G/V,Code
Offene Positionen,Data,Summary,Aktien,EUR,XDEF,15,1,33.192,497.88,31.575,473.63,-24.25,
Offene Positionen,Total,,Aktien,EUR,,,,,497.88,,473.63,-24.25,
Offene Positionen,Data,Summary,Aktien,USD,AVAV,1,1,333.42,333.42,257.2,257.2,-76.22,
Offene Positionen,Data,Summary,Aktien,USD,BA,1,1,250.76,250.76,243.03,243.03,-7.73,
Offene Positionen,Data,Summary,Aktien,USD,BMY,10,1,56.06,560.6,61.99,619.9,59.3,
Offene Positionen,Data,Summary,Aktien,USD,CTKB,50,1,5.688,284.4,4.47,223.5,-60.9,
Offene Positionen,Data,Summary,Aktien,USD,FCX,10,1,60.055,600.55,60.67,606.7,6.15,
Offene Positionen,Data,Summary,Aktien,USD,INTC,10,1,48.8,488,50.59,505.9,17.9,
Offene Positionen,Data,Summary,Aktien,USD,IREN,5,1,45.73,228.65,41.83,209.15,-19.5,
Offene Positionen,Data,Summary,Aktien,USD,LMND,3,1,93.246666667,279.74,74.26,222.78,-56.96,
Offene Positionen,Data,Summary,Aktien,USD,MRK,10,1,101.064,1010.64,121.93,1219.3,208.66,
Offene Positionen,Data,Summary,Aktien,USD,MU,2,1,391.2425,782.485,394.69,789.38,6.895,
Offene Positionen,Data,Summary,Aktien,USD,NVDA,2,1,186.55,373.1,185.41,370.82,-2.28,
Offene Positionen,Data,Summary,Aktien,USD,QBTS,-20,1,22.27,-445.4,20.72,-414.4,31,
Offene Positionen,Data,Summary,Aktien,USD,RKLB,7,1,90.155028571,631.0852,72.32,506.24,-124.8452,
Offene Positionen,Data,Summary,Aktien,USD,TDW,5,1,51.9081,259.5405,66.35,331.75,72.2095,
Offene Positionen,Data,Summary,Aktien,USD,TE,25,1,9.295,232.375,8.27,206.75,-25.625,
Offene Positionen,Data,Summary,Aktien,USD,TMDX,2,1,129.64,259.28,135.06,270.12,10.84,
Offene Positionen,Data,Summary,Aktien,USD,USAR,2,1,27.62,55.24,21.84,43.68,-11.56,
Offene Positionen,Total,,Aktien,USD,,,,,6184.4657,,6211.8,27.3343,
Offene Positionen,Total,,Aktien,EUR,,,,,5233.29487534,,5256.42516,23.13028466,
Offene Positionen,Total,,Aktien,EUR,,,,,5731.17487534,,5730.05516,-1.11971534,
Devisenpositionen,Header,Vermögenswertkategorie,Währung,Beschreibung,Menge,Einstands Kurs,Kostenbasis in EUR,Schlusskurs,Wert in EUR,Unrealisierter Gewinn/Verlust in EUR,Code
Devisenpositionen,Data,Devisen,EUR,EUR,3256.3568625,0,-3256.3568625,1,3256.3568625,0,
Devisenpositionen,Data,Devisen,EUR,USD,4343.831956,0.850478917,-3694.337497833,0.8462,3675.750601,-18.586896833,
Devisenpositionen,Data,Gesamt,,,,,-6950.694360333,,6932.1074635,-18.586896833,
Transaktionen,Header,DataDiscriminator,Vermögenswertkategorie,Währung,Symbol,Datum/Zeit,Menge,T.-Kurs,Schlussk.,Erlös,Prov./Gebühr,Basis,Realisierter G&V,MTM-G&V,Code
Transaktionen,Data,Order,Aktien,EUR,4GLD,"2026-01-06, 06:44:10",-10,122.5001,123.44,1225.001,-2,-1143.449,79.552,-9.399,C
Transaktionen,SubTotal,,Aktien,EUR,4GLD,,-10,,,1225.001,-2,-1143.449,79.552,-9.399,
Transaktionen,Data,Order,Aktien,EUR,XDEF,"2026-01-08, 03:28:54",15,32.925,32.675,-493.88,-4,497.88,0,-3.755,O
Transaktionen,SubTotal,,Aktien,EUR,XDEF,,15,,,-493.88,-4,497.88,0,-3.755,
Transaktionen,Total,,Aktien,EUR,,,,,,731.121,-6,-645.569,79.552,-13.154, 
Transaktionen,Data,Order,Aktien,USD,ASTS,"2026-01-12, 10:29:27",-5,94.66,98.39,473.3,-2,-293.9,177.4,-18.65,C
Transaktionen,SubTotal,,Aktien,USD,ASTS,,-5,,,473.3,-2,-293.9,177.4,-18.65,
Transaktionen,Data,Order,Aktien,USD,AVAV,"2026-01-20, 15:43:41",1,331.42,330.89,-331.42,-2,333.42,0,-0.53,O
Transaktionen,SubTotal,,Aktien,USD,AVAV,,1,,,-331.42,-2,333.42,0,-0.53,
Transaktionen,Data,Order,Aktien,USD,BA,"2026-01-20, 15:46:17",1,248.76,249,-248.76,-2,250.76,0,0.24,O
Transaktionen,SubTotal,,Aktien,USD,BA,,1,,,-248.76,-2,250.76,0,0.24,
Transaktionen,Data,Order,Aktien,USD,BEPC,"2026-01-12, 15:03:59",-10,38.63,38.74,386.3,-2,-451.7,-67.4,-1.1,C;P
Transaktionen,SubTotal,,Aktien,USD,BEPC,,-10,,,386.3,-2,-451.7,-67.4,-1.1,
Transaktionen,Data,Order,Aktien,USD,BMNR,"2026-01-12, 10:54:40",-10,30.84,31.13,308.4,-2,-347.593,-41.193,-2.9,C
Transaktionen,SubTotal,,Aktien,USD,BMNR,,-10,,,308.4,-2,-347.593,-41.193,-2.9,
Transaktionen,Data,Order,Aktien,USD,BMY,"2026-01-08, 15:23:53",10,55.86,55.9,-558.6,-2,560.6,0,0.4,O
Transaktionen,SubTotal,,Aktien,USD,BMY,,10,,,-558.6,-2,560.6,0,0.4,
Transaktionen,Data,Order,Aktien,USD,FCX,"2026-01-20, 15:54:51",10,59.855,60.07,-598.55,-2,600.55,0,2.15,O
Transaktionen,SubTotal,,Aktien,USD,FCX,,10,,,-598.55,-2,600.55,0,2.15,
Transaktionen,Data,Order,Aktien,USD,FLNC,"2026-01-06, 17:33:37",-12,21.8,21.83,261.6,-2,-236.72,22.88,-0.36,C
Transaktionen,SubTotal,,Aktien,USD,FLNC,,-12,,,261.6,-2,-236.72,22.88,-0.36,
Transaktionen,Data,Order,Aktien,USD,FLS,"2026-01-13, 10:53:41",4,74.93,74.84,-299.72,-2,301.72,0,-0.36,O;P
Transaktionen,Data,Order,Aktien,USD,FLS,"2026-01-14, 10:34:36",-4,73.57,75.15,294.28,-2,-301.72,-9.44,-6.32,C
Transaktionen,SubTotal,,Aktien,USD,FLS,,0,,,-5.44,-4,0,-9.44,-6.68,
Transaktionen,Data,Order,Aktien,USD,INTC,"2026-01-12, 15:59:18",8,44.105,44.06,-352.84,-2,354.84,0,-0.36,O
Transaktionen,Data,Order,Aktien,USD,INTC,"2026-01-20, 15:32:30",-8,48.64,48.56,389.12,-2,-354.84,32.28,0.64,C
Transaktionen,Data,Order,Aktien,USD,INTC,"2026-01-20, 15:47:11",10,48.6,48.56,-486,-2,488,0,-0.4,O;P
Transaktionen,SubTotal,,Aktien,USD,INTC,,10,,,-449.72,-6,488,32.28,-0.12,
Transaktionen,Data,Order,Aktien,USD,IREN,"2026-02-04, 15:13:28",5,45.33,44.94,-226.65,-2,228.65,0,-1.95,O
Transaktionen,SubTotal,,Aktien,USD,IREN,,5,,,-226.65,-2,228.65,0,-1.95,
Transaktionen,Data,Order,Aktien,USD,JAZZ,"2026-02-05, 15:13:44",-1,162.64,163.15,162.64,-2,-172.76,-12.12,-0.51,C
Transaktionen,SubTotal,,Aktien,USD,JAZZ,,-1,,,162.64,-2,-172.76,-12.12,-0.51,
Transaktionen,Data,Order,Aktien,USD,LMND,"2026-01-22, 11:52:00",-100,99.4108,96.57,9941.08,-2,-9815.8785,123.2015,284.08,C;IA;O;P
Transaktionen,Data,Order,Aktien,USD,LMND,"2026-01-22, 11:54:30",97,99.605,96.57,-9661.685,-2,9642.8185,-20.8665,-294.395,C;P
Transaktionen,Data,Order,Aktien,USD,LMND,"2026-01-23, 15:00:21",3,92.58,93.25,-277.74,-2,279.74,0,2.01,O;P
Transaktionen,SubTotal,,Aktien,USD,LMND,,0,,,1.655,-6,106.68,102.335,-8.305,
Transaktionen,Data,Order,Aktien,USD,MA,"2026-01-13, 09:30:25",-2,555.17,544.99,1110.34,-2,-1096.26,12.08,20.36,C
Transaktionen,SubTotal,,Aktien,USD,MA,,-2,,,1110.34,-2,-1096.26,12.08,20.36,
Transaktionen,Data,Order,Aktien,USD,MU,"2026-01-12, 10:36:10",-2,344.84,345.87,689.68,-2,-463.1,224.58,-2.06,C;P
Transaktionen,Data,Order,Aktien,USD,MU,"2026-01-22, 12:05:05",1,389.04,397.58,-389.04,-2,391.04,0,8.54,O
Transaktionen,Data,Order,Aktien,USD,MU,"2026-01-22, 12:05:49",1,389.445,397.58,-389.445,-2,391.445,0,8.135,O
Transaktionen,SubTotal,,Aktien,USD,MU,,0,,,-88.805,-6,319.385,224.58,14.615,
Transaktionen,Data,Order,Aktien,USD,NFLX,"2026-01-12, 10:40:40",-6,89.7407,89.41,538.4442,-2,-575.7986,-39.3544,1.9842,C;IA
Transaktionen,SubTotal,,Aktien,USD,NFLX,,-6,,,538.4442,-2,-575.7986,-39.3544,1.9842,
Transaktionen,Data,Order,Aktien,USD,NVDA,"2026-01-22, 12:00:17",2,185.55,184.84,-371.1,-2,373.1,0,-1.42,IM;O;P
Transaktionen,SubTotal,,Aktien,USD,NVDA,,2,,,-371.1,-2,373.1,0,-1.42,
Transaktionen,Data,Order,Aktien,USD,ONDS,"2026-01-12, 10:29:39",-30,13.19,13.19,395.7,-2,-221.75,171.95,0,C
Transaktionen,SubTotal,,Aktien,USD,ONDS,,-30,,,395.7,-2,-221.75,171.95,0,
Transaktionen,Data,Order,Aktien,USD,QBTS,"2026-02-04, 15:55:19",-10,20.11,20.11,201.1,-2,-199.1,0,0,O
Transaktionen,SubTotal,,Aktien,USD,QBTS,,-10,,,201.1,-2,-199.1,0,0,
Transaktionen,Data,Order,Aktien,USD,RKLB,"2026-01-12, 15:57:26",4,87.9888,87.9,-351.9552,-2,353.9552,0,-0.3552,IA;O
Transaktionen,Data,Order,Aktien,USD,RKLB,"2026-01-23, 10:54:47",3,91.71,88.9,-275.13,-2,277.13,0,-8.43,O
Transaktionen,SubTotal,,Aktien,USD,RKLB,,7,,,-627.0852,-4,631.0852,0,-8.7852,
Transaktionen,Data,Order,Aktien,USD,SGML,"2026-01-05, 10:39:51",20,14.175,15.2,-283.5,-2,285.5,0,20.5,IM;O;P
Transaktionen,Data,Order,Aktien,USD,SGML,"2026-01-16, 09:48:53",-20,12.27,12.27,245.4,-2,-285.5,-42.1,0,C
Transaktionen,SubTotal,,Aktien,USD,SGML,,0,,,-38.1,-4,0,-42.1,20.5,
Transaktionen,Data,Order,Aktien,USD,SSRM,"2026-01-13, 09:45:21",10,24.1771,23.84,-241.771,-2,243.771,0,-3.371,IM;O;P
Transaktionen,Data,Order,Aktien,USD,SSRM,"2026-01-16, 10:26:09",-10,22.8,22.87,228,-2,-243.771,-17.771,-0.7,C
Transaktionen,SubTotal,,Aktien,USD,SSRM,,0,,,-13.771,-4,0,-17.771,-4.071,
Transaktionen,Data,Order,Aktien,USD,TE,"2026-01-23, 10:54:20",25,9.215,8.5,-230.375,-2,232.375,0,-17.875,O
Transaktionen,SubTotal,,Aktien,USD,TE,,25,,,-230.375,-2,232.375,0,-17.875,
Transaktionen,Data,Order,Aktien,USD,USAR,"2026-01-27, 15:34:16",2,26.62,26.35,-53.24,-2,55.24,0,-0.54,O
Transaktionen,SubTotal,,Aktien,USD,USAR,,2,,,-53.24,-2,55.24,0,-0.54,
Transaktionen,Data,Order,Aktien,USD,WRAP,"2026-01-15, 12:43:49",100,3.215,3.1,-321.5,-2,323.5,0,-11.5,O
Transaktionen,Data,Order,Aktien,USD,WRAP,"2026-01-16, 09:45:43",-100,2.962,2.79,296.2,-2,-323.5,-29.3,17.2,C
Transaktionen,SubTotal,,Aktien,USD,WRAP,,0,,,-25.3,-4,0,-29.3,5.7,
Transaktionen,Data,Order,Aktien,USD,WULF,"2026-01-12, 10:54:34",-35,13.542388571,13.81,473.9836,-2,-539.575,-67.5914,-9.3664,C;IM;P
Transaktionen,SubTotal,,Aktien,USD,WULF,,-35,,,473.9836,-2,-539.575,-67.5914,-9.3664,
Transaktionen,Data,Order,Aktien,USD,XERS,"2026-01-06, 17:35:29",-50,6.948,6.96,347.4,-2,-345.4,0,-0.6,C;P
Transaktionen,SubTotal,,Aktien,USD,XERS,,-50,,,347.4,-2,-345.4,0,-0.6,
Transaktionen,Total,,Aktien,USD,,,,,,793.9466,-76,-300.7114,417.2352,-17.8134, 
Transaktionen,Total,,Aktien,EUR,,,,,,705.079701602,-64.89446,-283.723634718,356.461606884,-15.015481198, 
Dividenden,Header,Währung,Datum,Beschreibung,Betrag
Dividenden,Data,USD,2026-01-08,MRK(US58933Y1055) Bardividende USD 0.85 pro Aktie (Ordentliche Dividende),8.5
Dividenden,Data,USD,2026-01-14,MU(US5951121038) Bardividende USD 0.115 pro Aktie (Ordentliche Dividende),0.23
Dividenden,Data,Gesamt,,,8.73
Dividenden,Data,Gesamtwert in EUR,,,7.4877902
Quellensteuer,Header,Währung,Datum,Beschreibung,Betrag,Code
Quellensteuer,Data,USD,2026-01-08,MRK(US58933Y1055) Bardividende USD 0.85 pro Aktie - US Steuer,-1.28,
Quellensteuer,Data,USD,2026-01-14,MU(US5951121038) Bardividende USD 0.115 pro Aktie - US Steuer,-0.03,
Quellensteuer,Data,Gesamt,,,-1.31,
Quellensteuer,Data,Gesamtwert in EUR,,,-1.1235926,
Zinsen,Header,Währung,Datum,Beschreibung,Betrag
Zinsen,Data,USD,2026-01-06,USD Leihgebühren für Dez-2025,-0.03
Zinsen,Data,Gesamt,,,-0.03
Zinsen,Data,Gesamtwert in EUR,,,-0.0256665
Aufgelaufene Zinsen,Header,Währung,Feldname,Feldwert
Aufgelaufene Zinsen,Data,Basiswährungsübersicht,Aufgelaufener Anfangssaldo,0
Aufgelaufene Zinsen,Data,Basiswährungsübersicht,Aufgelaufene Zinsen,-0.0255978
Aufgelaufene Zinsen,Data,Basiswährungsübersicht,Umwandlung aufgelaufener Beträge,0.0256665
Aufgelaufene Zinsen,Data,Basiswährungsübersicht,FX-Umrechnung,-0.0000687
Aufgelaufene Zinsen,Data,Basiswährungsübersicht,Aufgelaufener Endsaldo,0
Aufgelaufene Zinsen,Data,USD,Aufgelaufener Anfangssaldo,0
Aufgelaufene Zinsen,Data,USD,Aufgelaufene Zinsen,-0.03
Aufgelaufene Zinsen,Data,USD,Umwandlung aufgelaufener Beträge,0.03
Aufgelaufene Zinsen,Data,USD,Aufgelaufener Endsaldo,0
Aufgelaufene Zinsen,Data,USD,Aufgelaufener Endsaldo inEUR,0
Veränderung im Dividendenanfall,Header,Vermögenswertkategorie,Währung,Symbol,Datum,Ex-Tag,Zahlungsdatum,Menge,Steuer,Gebühr,Bruttosatz,Bruttobetrag,Nettobetrag,Code
Veränderung im Dividendenanfall,Data,Anfangsstand der angefallenen Dividenden inEUR,,,,,,,,,,,6.317017,
Veränderung im Dividendenanfall,Data,Aktien,USD,MA,2026-01-08,2026-01-09,2026-02-09,2,0.26,0,0.87,1.74,1.48,Po
Veränderung im Dividendenanfall,Data,Aktien,USD,MRK,2026-01-08,2025-12-15,2026-01-08,10,-1.28,0,0.85,-8.5,-7.22,Re
Veränderung im Dividendenanfall,Data,Aktien,USD,MU,2026-01-14,2025-12-29,2026-01-14,2,-0.03,0,0.115,-0.23,-0.2,Re
Veränderung im Dividendenanfall,Data,Gesamt,,,,,,,-1.05,0,,-6.99,-5.94,
Veränderung im Dividendenanfall,Data,Gesamtwert in EUR,,,,,,,-0.9001122,0,,-5.9921906,-5.0920784,
Veränderung im Dividendenanfall,Data,Endstand der angefallenen Dividenden inEUR,,,,,,,,,,,1.252376,
Details zu Leihgebühren,Header,Währung,Abwicklungsdatum,Symbol,Menge,Kurs,Wert,Gebührensatz (%),Leihgebühr,Code
Details zu Leihgebühren,Data,USD,2025-12-02,QBTS,17,22,374,0.4218,0,Po
Details zu Leihgebühren,Data,USD,2025-12-02,UBER,6,89,534,0.4081,-0.01,Po
Details zu Leihgebühren,Data,USD,2025-12-03,QBTS,17,23,391,0.4563,0,Po
Details zu Leihgebühren,Data,USD,2025-12-03,UBER,6,90,540,0.3949,-0.01,Po
Details zu Leihgebühren,Data,USD,2025-12-04,QBTS,17,26,442,0.4913,-0.01,Po
Details zu Leihgebühren,Data,Gesamt,,,,,,,-0.03,
Details zu Leihgebühren,Data,Gesamtwert in EUR,,,,,,,-0.0255978,
Informationen zum Finanzinstrument,Header,Vermögenswertkategorie,Symbol,Beschreibung,Conid,Wertpapier-ID,Basiswert,Börse,Multiplikator,Typ,Code
Informationen zum Finanzinstrument,Data,Aktien,4GLD,XETRA-GOLD,50784405,DE000A0S9GB0,4GLD,IBIS,1,ETF,
Informationen zum Finanzinstrument,Data,Aktien,ASTS,AST SPACEMOBILE INC,480745767,US00217D1000,ASTS,NASDAQ,1,COMMON,
Informationen zum Finanzinstrument,Data,Aktien,AVAV,AEROVIRONMENT INC,42464367,US0080731088,AVAV,NASDAQ,1,COMMON,
Informationen zum Finanzinstrument,Data,Aktien,BA,BOEING CO/THE,4762,US0970231058,BA,NYSE,1,COMMON,
Informationen zum Finanzinstrument,Data,Aktien,BEPC,BROOKFIELD RENEWABLE CORP,751356948,CA11285B1085,BEPC,NYSE,1,COMMON,
Informationen zum Finanzinstrument,Data,Aktien,BMNR,BITMINE IMMERSION TECHNOLOGI,785071865,US09175A2069,BMNR,AMEX,1,COMMON,
Informationen zum Finanzinstrument,Data,Aktien,BMY,BRISTOL-MYERS SQUIBB CO,5111,US1101221083,BMY,NYSE,1,COMMON,
Informationen zum Finanzinstrument,Data,Aktien,CTKB,CYTEK BIOSCIENCES INC,504262805,US23285D1090,CTKB,NASDAQ,1,COMMON,
Informationen zum Finanzinstrument,Data,Aktien,FCX,FREEPORT-MCMORAN INC,7089,US35671D8570,FCX,NYSE,1,COMMON,
Informationen zum Finanzinstrument,Data,Aktien,FLNC,FLUENCE ENERGY INC,523222620,US34379V1035,FLNC,NASDAQ,1,COMMON,
Informationen zum Finanzinstrument,Data,Aktien,FLS,FLOWSERVE CORP,6477749,US34354P1057,FLS,NYSE,1,COMMON,
Informationen zum Finanzinstrument,Data,Aktien,INTC,INTEL CORP,270639,US4581401001,INTC,NASDAQ,1,COMMON,
Informationen zum Finanzinstrument,Data,Aktien,IREN,IREN LTD,526906130,AU0000185993,IREN,NASDAQ,1,COMMON,
Informationen zum Finanzinstrument,Data,Aktien,JAZZ,JAZZ PHARMACEUTICALS PLC,100430853,IE00B4Q5ZN47,JAZZ,NASDAQ,1,COMMON,
Informationen zum Finanzinstrument,Data,Aktien,LMND,LEMONADE INC,430625913,US52567D1072,LMND,NYSE,1,COMMON,
Informationen zum Finanzinstrument,Data,Aktien,MA,MASTERCARD INC - A,38685693,US57636Q1040,MA,NYSE,1,COMMON,
Informationen zum Finanzinstrument,Data,Aktien,MRK,MERCK & CO INC,70101545,US58933Y1055,MRK,NYSE,1,COMMON,
Informationen zum Finanzinstrument,Data,Aktien,MU,MICRON TECHNOLOGY INC,9939,US5951121038,MU,NASDAQ,1,COMMON,
Informationen zum Finanzinstrument,Data,Aktien,NFLX,NETFLIX INC,15124833,US64110L1061,NFLX,NASDAQ,1,COMMON,
Informationen zum Finanzinstrument,Data,Aktien,NVDA,NVIDIA CORP,4815747,US67066G1040,NVDA,NASDAQ,1,COMMON,
Informationen zum Finanzinstrument,Data,Aktien,ONDS,ONDAS HOLDINGS INC,455415330,US68236H2040,ONDS,NASDAQ,1,COMMON,
Informationen zum Finanzinstrument,Data,Aktien,QBTS,D-WAVE QUANTUM INC,578031277,US26740W1099,QBTS,NYSE,1,COMMON,
Informationen zum Finanzinstrument,Data,Aktien,RKLB,ROCKET LAB CORP,787273575,US7731211089,RKLB,NASDAQ,1,COMMON,
Informationen zum Finanzinstrument,Data,Aktien,SGML,SIGMA LITHIUM CORP,511477158,CA8265991023,SGML,NASDAQ,1,COMMON,
Informationen zum Finanzinstrument,Data,Aktien,SSRM,SSR MINING INC,284632520,CA7847301032,SSRM,NASDAQ,1,COMMON,
Informationen zum Finanzinstrument,Data,Aktien,TDW,TIDEWATER INC,284447308,US88642R1095,TDW,NYSE,1,COMMON,
Informationen zum Finanzinstrument,Data,Aktien,TE,T1 ENERGY INC,674590140,US35834F1049,TE,NYSE,1,COMMON,
Informationen zum Finanzinstrument,Data,Aktien,TMDX,TRANSMEDICS GROUP INC,364036140,US89377M1099,TMDX,NASDAQ,1,COMMON,
Informationen zum Finanzinstrument,Data,Aktien,USAR,USA RARE EARTH INC,768545231,US91733P1075,USAR,NASDAQ,1,COMMON,
Informationen zum Finanzinstrument,Data,Aktien,WRAP,WRAP TECHNOLOGIES INC,319808443,US98212N1072,WRAP,NASDAQ,1,COMMON,
Informationen zum Finanzinstrument,Data,Aktien,WULF,TERAWULF INC,532497563,US88080T1043,WULF,NASDAQ,1,COMMON,
Informationen zum Finanzinstrument,Data,Aktien,XDEF,XEUROPE DEFENCE TECHNOLOG 1C,810306238,LU3061478973,XDEF,IBIS2,1,ETF,
Informationen zum Finanzinstrument,Data,Aktien,XERS,XERIS BIOPHARMA HOLDINGS INC,519131055,US98422E1038,XERS,NASDAQ,1,COMMON,
Codes,Header,Code,Bedeutung,Code (Forts.),Bedeutung (Forts.)
Codes,Data,A,Zuordnung
Codes,Data,ADR,Aufgelaufene ADR-Gebühren
Codes,Data,AEx,Automatische Ausübung für Dividenden-bezogene Empfehlung
Codes,Data,AFx,AutoFX conversion resulting from trading
Codes,Data,Adj,Anpassung
Codes,Data,Al,Zuteilung
Codes,Data,Aw,Externe Transaktion
Codes,Data,B,Automatische Zwangseindeckung
Codes,Data,Bo,Direktleihe
Codes,Data,C,Schlusstransaktion
Codes,Data,CD,Barzustellung
Codes,Data,CP,Komplexe Position
Codes,Data,Ca,Storniert
Codes,Data,Co,Korrigierte Transaktion
Codes,Data,Cx,Diese Transaktion war ganz oder teilweise ein Cross-Trade mit dem Broker als Doppel-Intermediär für zwei Kunden des Brokers
Codes,Data,DT,Discounted Trade
Codes,Data,De,Delivery or Conversion Action
Codes,Data,ETF,ETF - Creation/Redemption
Codes,Data,Ep,Resultierte aus einer abgelaufenen Position
Codes,Data,Ex,Ausübung
Codes,Data,FP,"Broker acted as agent for the fractional share portion of this trade, which was executed by a Broker affiliate as principal."
Codes,Data,FPA,Broker acted as agent for both the fractional share portion and the whole share portion of this trade; the fractional share portion was executed by a Broker Affiliate as principal.
Codes,Data,G,Handel in garantiertem Kontosegment
Codes,Data,GEA,Exercise or Assignment resulting from offsetting positions
Codes,Data,HC,Auswahl der höchsten Steuerbasis für Kosten
Codes,Data,HFI,Auf Hedgefonds übertragene Anlage
Codes,Data,HFR,Rücknahme aus dem Hedgefonds
Codes,Data,I,Interner Transfer
Codes,Data,IA,Diese Transaktion wurde gegen eine verbundene Gesellschaft des Brokers ausgeführt
Codes,Data,IM,A portion of the order was executed against a Broker affiliate; A broker acted as agent on a portion.
Codes,Data,INV,Anlagentransfer vom Anleger
Codes,Data,IPO,This transaction was executed as part of an IPO in which Broker was a member of the selling group and is classified as a Principal trade.
Codes,Data,L,Vom Broker angefordert (Marginverstoß)
Codes,Data,LD,Angepasst anhand des Verlusts aus einem nicht abzugsfähigen Wash Sale
Codes,Data,LF,Liquidation of fractional position by IB
Codes,Data,LI,"Steuerbasisauswahl: Last In, First Out (LIFO)"
Codes,Data,LT,Langfristiger G/V
Codes,Data,Lo,Direktes Darlehen
Codes,Data,M,Manuell vom Broker eingegeben
Codes,Data,MEx,Manuelle Ausübung für Dividenden-bezogene Empfehlung
Codes,Data,ML,Auswahl der Steuerbasis zur Maximierung von Verlusten
Codes,Data,MLG,Auswahl der Steuerbasis zur Maximierung von langfristigen Gewinnen
Codes,Data,MLL,Auswahl der Steuerbasis zur Maximierung von langfristigen Verlusten
Codes,Data,MSG,Auswahl der Steuerbasis zur Maximierung von kurzfristigen Gewinnen
Codes,Data,MSL,Auswahl der Steuerbasis zur Maximierung von kurzfristigen Verlusten
Codes,Data,O,Eröffnungstransaktion
Codes,Data,Off,Yes and No contracts offset to $1.00 cash settlement
Codes,Data,P,Teilausführung
Codes,Data,PE,Perpetual Investment
Codes,Data,PI,Kursverbesserung
Codes,Data,PTA,Post Trade Allocation
Codes,Data,Po,Verbuchung aufgelaufener Zinsen oder Dividenden
Codes,Data,Pr,Diese Transaktion wurde ganz oder teilweise durch die Börse als Cross-Trade zwischen dem Broker und einer verbundenen Gesellschaft des Brokers ausgeführt und wird daher als Principal Trade (Transaktion auf eigene Rechnung) und nicht als Agency Trade (Geschäft auf Kundenrechnung) eingestuft
Codes,Data,R,Dividenden-Wiederanlage
Codes,Data,RED,Rückzahlung an Anleger
Codes,Data,RI,Sparplan
Codes,Data,RP,"Broker acted as agent for the fractional share portion of this trade, which was executed by a Broker affiliate as riskless principal."
Codes,Data,RPA,Broker acted as agent for both the fractional share portion and the whole share portion of this trade; the fractional share portion was executed by a Broker Affiliate as riskless principal.
Codes,Data,Rb,Rebill
Codes,Data,Re,Umwandlung aufgelaufener Zinsen oder Dividenden
Codes,Data,Ri,Rückerstattung
Codes,Data,S0,Contract settled to zero value
Codes,Data,S1,Contract settled to $1.00
Codes,Data,SF,Trade is subject to IBKR Lite Surcharge Fee if volume of such trades exceeds 10% of the total monthly Lite trade volume
Codes,Data,SI,Diese Order wurde durch den Broker vermittelt
Codes,Data,SL,Auswahl der Bemessungsgrundlage für spezifische Posten
Codes,Data,SO,Diese Order wurde als vermittelt durch den einführenden Broker markiert
Codes,Data,SS,Der Kunde hat diese Transaktion für eine verkürzte Abwicklung gekennzeichnet. Es kann daher zu einer Ausführung oberhalb des vorherrschenden Marktkurses kommen.
Codes,Data,ST,Kurzfristiger G/V
Codes,Data,T,Transfer
Codes,Data,Un,Noch nicht investierte Aktien aus der Gewährung von Bezugsrechten
Codes,Data,XCH,Mutual Fund Exchange Transaction
Hinweise/Rechtshinweise,Header,Typ,Hinweis
Hinweise/Rechtshinweise,Data,Hinweise,"Stock exchange transactions generally settle on the trade date plus one business day (T+1). Options, futures and US open-end mutual fund transactions also settle on trade date plus one business day. Some exchanges and other transaction types may have longer or shorter settlement periods. Ending settled cash reflects the cash that has actually settled."
Hinweise/Rechtshinweise,Data,Hinweise,Die geltenden Anforderungen für den Erst- und Mindesteinschuss können Sie dem Kontoübersichtsfenster in der Trader Workstation entnehmen.
Hinweise/Rechtshinweise,Data,Hinweise,"Mengen, vor denen das Vorzeichen „-“ angezeigt wird, stellen Verkaufstransaktionen dar. Bei anderen Transaktionen handelt es sich um Käufe."
Hinweise/Rechtshinweise,Data,Hinweise,"For shares traded on US markets, Interactive Brokers Ireland Limited (IBIE) acts as agent in executing the fractional portion of your order. In certain circumstances, IBIE routes that portion to an affiliate, which may execute it either as principal or riskless principal. If an IB affiliate executes as i) principal, the order will be executed at the price displayed for the opposite side of the NBBO from your order (the offer if you are buying and the bid if you are selling) at the time of execution, ii) riskless principal, the affiliate will execute that portion of your order at the price it receives for the execution of the whole share. The way in which the fractional portion of the order is executed is indicated by the codes associated with the trade. For shares traded on European Markets, IBIE will generally act as counterparty for any fractional portion of your order for shares, which it will execute as principal, for a total consideration which is equal to (or better than), the total consideration for the execution of a full share available at the European trading venues and SIs to which IBIE has access. In certain circumstances, IBIE may route a full share order to the available European trading venues acting in an Agency capacity and the fractional portion of the order will be allocated to your account at the price traded in the trading venue and the remaining fractional portion will be allocated to an affiliate. "
Hinweise/Rechtshinweise,Data,Hinweise,Im Fall von teilweisen Ausführungen werden Provisionen auf die ausgeführte Gesamtmenge der ursprünglichen Order erhoben. Die Provision wird ausschließlich bei der ersten teilweisen Ausführung angezeigt.
Hinweise/Rechtshinweise,Data,Hinweise,Die Transaktionsausführungszeiten werden auf Basis der Zeitzone „Eastern Time” angezeigt.
Hinweise/Rechtshinweise,Data,Hinweise,Applicable regulatory fees for your transactions are available on the IB website at www.interactivebrokers.com/en/accounts/fees/exchangeAndRegulatoryFees.php.
Hinweise/Rechtshinweise,Data,Hinweise,"Borrow Fee Rate represents the cost to borrow stock expressed in percent per annum. It is applied to the collateral value on the stock borrow contract and is separate from any interest earned on credit cash balances. Similarly, Loan Fee Rate represents the benefit to lend stock. A positive rate indicates a cost to the borrower/benefit to the lender and a negative rate indicates a benefit to the borrower/cost to the lender. In general, the fee rates for hard-to-borrow stocks are higher than for normal availability stocks."
Hinweise/Rechtshinweise,Data,Hinweise,"Der Zinssatz auf Sicherheitsleistungen von Kunden stellt die gezahlten Zinsen auf Sicherheitsleistungen dar, die an das Kundenkonto übermittelt werden und aus dem Aktienverleih erhalten wurden. Ein positiver Zinssatz zeigt einen Vorteil für den Verleiher an."
Hinweise/Rechtshinweise,Data,Hinweise,"Die Schlusskurse auf diesem Auszug sind indikativer Natur und können aus externen Quellen stammen. Interactive Brokers leistet jedoch keine Gewähr für die Richtigkeit der von den externen Quellen angebotenen Kurse. Aufgrund unterschiedlicher Zeitzonen ist es möglich, dass bestimmte Nicht-US-Investmentfonds Schlusskurse nach der Erstellung des Kontoauszuges bereitstellen und die Schlusskurse für solche Fonds werden die Kurse des Vortages widerspiegeln."
Hinweise/Rechtshinweise,Data,Hinweise,Alle Marktdaten- und Recherchedienste werden über Global Financial Information Services (GmbH) bereitgestellt.
Hinweise/Rechtshinweise,Data,Hinweise,Die Marktdaten werden von Global Financial Information Services (GmbH) bereitgestellt. Im Namen von Global Financial Information Services (GmbH) erhebt Ihr regionaler Broker Beträge für Gebühren und Steuern für solche Daten. Hinweis: In Bezug auf die Bereitstellung dieser Dienste tragen Sie die Verantwortung für jegliche zutreffenden Steuern.
Hinweise/Rechtshinweise,Data,Hinweise,"Directive 2014/65/EU and its implementing measures (MiFID II) applies to all client funds and client financial instruments (Client Assets) on this statement except those Client Assets that are not classified as segregated assets, namely securities lent under the Stock Yield Enhancement Programme as identified in the IBKR Managed Securities Lent section of this statement and Client Assets noted as Not Segregated in the Collateral for Customer Borrowing section of this statement.  IBIE applies the MiFID II Client Asset protection requirements to funds and instruments that are not subject to MiFID II in the same way as it applies those requirements to Client Assets. IBIE is also subject to the client asset requirements set out in the Central Bank (Supervision and Enforcement) Act 2013 (Section 48(1))(Investment Firms) Regulations 2023 (=S.I. No. 10 of 2023)."
Hinweise/Rechtshinweise,Data,Hinweise,"The stated interest, commission, and/or fee rates on the Interactive Brokers website are for direct clients of Interactive Brokers. Clients introduced through another broker may be subject to a different rate at the election of the client’s introducing broker. Clients should contact their introducing broker about the rates that will apply to their account."
Hinweise/Rechtshinweise,Data,Hinweise,RUS denotes Ruble balances that have been restricted by Russian authorities.
Hinweise/Rechtshinweise,Data,Mutual Fund Notes,"All purchase and sales of mutual funds are calculated against the published NAV (Net Asset Value) of the underlying fund and is displayed on this confirmation as the ""C. Price"" (Closing Price). Due to any fees charged by a fund and/or any share rounding, the net price you pay may vary from the published NAV and is shown on this confirmation as the ""T. Price"" (Trade Price)."
Hinweise/Rechtshinweise,Data,Hinweise zu festverzinslichen Produkten,"Call features for bonds or preferred stocks may affect the yield. For zero coupon, compound interest and multiplier securities, there are no periodic payments and securities may be callable below maturity value without notice to holder unless registered. For asset-backed securities, the actual yield may vary depending on the speed at which the underlying note is pre-paid. For additional information regarding bond yield, please contact the IB Help Desk at: ibkr.com/help. If this debt security is unrated by a nationally recognized statistical rating organization, it may pose a high risk of default. You should consult an independent advisor to determine whether unrated bonds are appropriate for your portfolio in light of your goals and your financial circumstances. Fees charged by bond trading centers are included in the cost of bond transactions."
Hinweise/Rechtshinweise,Data,Rechtshinweise,"Bitte melden Sie über das nachstehende Kontaktformular umgehend jegliche Fehler oder Diskrepanzen in diesem Auszug oder Ihrem Konto an Interactive Brokers und CapTrader GmbH. Falls Sie jegliche Fehler telefonisch mitteilen, sollten Sie jegliche mündliche Kommunikation schriftlich bestätigen, damit Ihre Rechte geschützt werden, einschließlich Ihre Rechte gemäß des Irish Investor Compensation Scheme.CapTrader GmbH, www.captrader.com, 0800-8723370"
Hinweise/Rechtshinweise,Data,Rechtshinweise,"Unless otherwise noted, IBIE acted as agent in the execution of the above transactions. IBIE may execute your trades through affiliates or third-party brokers who are members of the relevant exchange or market center. Please see the IBIE CAKID Bank Account List at www.ibkr.ie/cakid for custody details."
Hinweise/Rechtshinweise,Data,Rechtshinweise,"IBIE fungiert als risikoloser Akteur (""riskless principal"") bei Devisentransaktionen und CFDs. Solche Transaktionen werden gegen ein verbundenes Unternehmen von IBIE ausgeführt, das als Auftraggeber bei solchen Transaktionen fungiert und entweder über eine Long- oder Short-Position verfügt und möglicherweise in Verbindung mit dieser Transaktion einen Gewinn bzw. Verlust erzielt hat."
Hinweise/Rechtshinweise,Data,Rechtshinweise,"IBIE leitet Orders von US-Produkten über ihr verbundenes Unternehmen, Interactive Brokers LLC (""IBLLC"") weiter. IBLLC akzeptiert Liquiditätsrabatte oder andere Stromzahlungen von alternativen Handelssystemen, Market Makern und Börsen für bestimmte Orders in US-Aktien. IBLLC erhält Zahlungen für einige US-Optionsaufträge im Rahmen von börsenabhängigen Marketinggebührenprogrammen oder anderen Vereinbarungen."
Hinweise/Rechtshinweise,Data,Rechtshinweise,"Bitte informieren Sie CapTrader GmbH möglichst zeitnah über wichtige Änderungen in Ihren Anlagezielen, Ihrer finanziellen Situationen oder Ihren Umständen."
Hinweise/Rechtshinweise,Data,Rechtshinweise,"Interactive Brokers Ireland Limited (""IBIE"") ist ein Mitglied der Irish Investor Compensation Scheme. IBIE erbringt Ausführungs-, Clearing- und Carrying-Dienstleistungen für Ihr Konto gemäß einer Vereinbarung mit CapTrader GmbH. Wie bei allen Wertpapierfirmen zahlt die Irish Investor Compensation Scheme im Falle eines Ausfalls eines Broker-Dealers eine Entschädigung an die Kunden (vorbehaltlich bestimmter Grenzen), nicht gegen den Verlust des Marktwertes der Wertpapiere. Nicht alle Verluste werden abgedeckt, da es Höchstgrenzen für die Entschädigung gibt."
Hinweise/Rechtshinweise,Data,Rechtshinweise,"Ein aktueller Finanzbericht von IBIE ist für Ihre persönliche Einsichtnahme bei www.interactivebrokers.ie oder in ihrem Büro verfügbar, oder eine Kopie des Finanzberichts wird Ihnen auf Ihre schriftliche Anfrage hin zugesandt."
Hinweise/Rechtshinweise,Data,Rechtshinweise,"IBIE ist Mitglied der Investor Compensation Scheme, die Kunden Schutz im Falle eines Ausfalls von IBIE gewährt. Weitere Informationen zur Investor Compensation Scheme erhalten Sie unter www.investorcompensation.ie  ."
Hinweise/Rechtshinweise,Data,Rechtshinweise,IBIE ist ein Unternehmen nach irischem Recht und beim Irish Companies Registration Office mit der Unternehmensregistrierungsnummer 657406 eingetragen.
Hinweise/Rechtshinweise,Data,Rechtshinweise,IBIE wird von der Central Bank of Ireland reguliert.
Hinweise/Rechtshinweise,Data,Rechtshinweise,"IBIE's Registered Office address is 91 North Wall Quay, Dublin, D01 H7V7, Ireland."
Hinweise/Rechtshinweise,Data,Rechtshinweise,"IBIE is included in the Central Bank of Ireland's register of authorised firms under number C423427. The CBI's address is New Wapping Street, North Wall Quay, Dublin 1, D01 F7X3. The CBI's website is www.centralbank.ie."
